model,rouge1,rouge2,rougeL
LexRank,0.26768298142353,0.0787855462563188,0.1844933661258871
BART,0.3722422061098788,0.17752202662795608,0.2849113757970219
